x, y, theta, stamp, 
2.4868995751603507e-14, 3.552713678800501e-15, -1.9550075202259807e-10, 1729804688900690959, 
2.4868995751603507e-14, 3.552713678800501e-15, -1.9615482985006953e-10, 1729804688943756362, 
2.4868995751603507e-14, 3.552713678800501e-15, -1.9711905449979653e-10, 1729804688993787211, 
-5.562725391428103e-07, 6.479197622866195e-07, -6.437494988676397e-06, 1729804689043798394, 
0.0007552906172350049, -0.0001225515443366021, -0.008748759584152489, 1729804689091893360, 
0.002406386425718665, -0.00022196848294697702, -0.043244793129504, 1729804689142047227, 
0.004992442671209574, -0.0005830030422657728, -0.10623961315473573, 1729804689203572445, 
0.008022814057767391, -0.0007059725467115641, -0.16825748258997686, 1729804689251737205, 
0.011761682108044624, -0.00141231925226748, -0.24318687168306685, 1729804689301698474, 
0.015930727124214172, -0.0024750318843871355, -0.31598675234138884, 1729804689343742439, 
0.021420283243060112, -0.004377893637865782, -0.4130332264800235, 1729804689393681135, 
0.02700703777372837, -0.006936491932719946, -0.5143735181892508, 1729804689443795637, 
0.03348052501678467, -0.010737213306128979, -0.6354203330614288, 1729804689504094830, 
0.043681588023900986, -0.01985657773911953, -0.8330271524455197, 1729804689605169285, 
0.0520639605820179, -0.03149512782692909, -1.0150231588551593, 1729804689702690761, 
0.05507054924964905, -0.037010520696640015, -1.0954607435607688, 1729804689744736514, 
0.06223481148481369, -0.06042715534567833, -1.4023496745903457, 1729804689904580188, 
0.06332070380449295, -0.07774078845977783, -1.5988217033594136, 1729804690005814613, 
0.059826090931892395, -0.09898777306079865, -1.778910470048359, 1729804690103739914, 
0.05770673602819443, -0.10710176080465317, -1.8582368475001845, 1729804690143747330, 
0.04142706096172333, -0.13929472863674164, -2.146707583364385, 1729804690303829458, 
0.025232620537281036, -0.16034916043281555, -2.2920199725864556, 1729804690404175246, 
0.009245846420526505, -0.17630915343761444, -2.425363066557079, 1729804690503710280, 
0.0024690856225788593, -0.18191292881965637, -2.4690822105160413, 1729804690543744013, 
-0.019420571625232697, -0.1984965056180954, -2.5415947582762515, 1729804690643813134, 
-0.043402157723903656, -0.21350234746932983, -2.597549442675686, 1729804690744094384, 
-0.06911779940128326, -0.22785070538520813, -2.635551976410469, 1729804690903747976, 
-0.07546168565750122, -0.23143796622753143, -2.6289345535203337, 1729804690943719538, 
-0.09468016773462296, -0.24318651854991913, -2.591271710545377, 1729804691043850068, 
-0.12028859555721283, -0.2601075768470764, -2.5217873128133452, 1729804691203975891, 
-0.13048839569091797, -0.26768043637275696, -2.4723269605853235, 1729804691304781741, 
-0.13926687836647034, -0.2752164900302887, -2.4265515939371447, 1729804691393793324, 
-0.14932866394519806, -0.2846227288246155, -2.374716175301147, 1729804691493885278, 
-0.1621408760547638, -0.29775166511535645, -2.329055120930098, 1729804691583852410, 
-0.17675131559371948, -0.31411486864089966, -2.28790105237652, 1729804691703718347, 
-0.1843494474887848, -0.3231871724128723, -2.27845256996429, 1729804691793642963, 
-0.1988694965839386, -0.33904004096984863, -2.289885068586907, 1729804691903778861, 
-0.21096359193325043, -0.3522283434867859, -2.3016729520744894, 1729804691983653983, 
-0.22451987862586975, -0.36650538444519043, -2.3286559184308957, 1729804692103748352, 
-0.234937846660614, -0.37694844603538513, -2.3570639196842667, 1729804692193766871, 
-0.24594813585281372, -0.3874625563621521, -2.3971365580554855, 1729804692293723243, 
-0.2587272524833679, -0.3987578749656677, -2.44901231119023, 1729804692403841035, 
-0.2713931202888489, -0.40879523754119873, -2.4878606321238146, 1729804692503743102, 
-0.2822619080543518, -0.41658657789230347, -2.51278592144501, 1729804692596732170, 
-0.29167747497558594, -0.4232565760612488, -2.530057370848956, 1729804692693729078, 
-0.30421310663223267, -0.4318167567253113, -2.5392883037255225, 1729804692804044958, 
-0.31676650047302246, -0.44041454792022705, -2.5458647644728836, 1729804692903728960, 
-0.3210908770561218, -0.44335269927978516, -2.5458647644728836, 1729804692943752669, 
-0.3382745683193207, -0.4555714726448059, -2.5181189848954673, 1729804693093522349, 
-0.3485051691532135, -0.46322953701019287, -2.4997518048397893, 1729804693183721348, 
-0.3606938123703003, -0.47280797362327576, -2.4724657281844404, 1729804693304809668, 
-0.36470144987106323, -0.4761108458042145, -2.463179622827888, 1729804693343908170, 
-0.38056838512420654, -0.4897623658180237, -2.433038023940006, 1729804693494107154, 
-0.3893533945083618, -0.4976917803287506, -2.41552273729857, 1729804693584098350, 
-0.3980083763599396, -0.5057996511459351, -2.399105796336318, 1729804693703708761, 
-0.4016326665878296, -0.5089367032051086, -2.3976166092302873, 1729804693743780209, 
-0.41792425513267517, -0.5246207118034363, -2.390997202678161, 1729804693904021784, 
-0.4266425371170044, -0.532307505607605, -2.398251612649331, 1729804694004172925, 
-0.4334561228752136, -0.5385473370552063, -2.4075416540941648, 1729804694099080066, 
-0.43720388412475586, -0.5415467619895935, -2.4151639022502556, 1729804694143785870, 
-0.45179471373558044, -0.5539568662643433, -2.436711958043444, 1729804694294484377, 
-0.46181923151016235, -0.562083899974823, -2.4533767286901864, 1729804694404014335, 
-0.46897533535957336, -0.5677232146263123, -2.4644605745469392, 1729804694499759415, 
-0.47237706184387207, -0.5703862905502319, -2.472236238117388, 1729804694543747634, 
-0.48765793442726135, -0.5817403197288513, -2.48905834771601, 1729804694694822524, 
-0.49644947052001953, -0.5880770683288574, -2.494460822419485, 1729804694803875219, 
-0.5026242136955261, -0.5929096937179565, -2.49126156020382, 1729804694900726008, 
-0.5062205195426941, -0.5957697033882141, -2.4887843463699664, 1729804694943772923, 
-0.5197921991348267, -0.6062220931053162, -2.4855413023076696, 1729804695094701634, 
-0.5270698666572571, -0.6121377944946289, -2.4770756163073995, 1729804695203753268, 
-0.5331915020942688, -0.6170234084129333, -2.4663708349930977, 1729804695300722670, 
-0.5404119491577148, -0.6229482293128967, -2.45381694103417, 1729804695393715345, 
-0.5491411089897156, -0.6305605173110962, -2.4442985833336657, 1729804695492152515, 
-0.5571385622024536, -0.6376857161521912, -2.4362687574516886, 1729804695604226462, 
-0.5622345209121704, -0.6421027779579163, -2.4319601624743568, 1729804695701730710, 
-0.5647838115692139, -0.6443651914596558, -2.4321224429635593, 1729804695743778414, 
-0.5770848989486694, -0.654656708240509, -2.431861317984723, 1729804695891724809, 
-0.5844880938529968, -0.661243200302124, -2.4309348193719496, 1729804696004738408, 
-0.5902323722839355, -0.6664979457855225, -2.4361082281185236, 1729804696102796451, 
-0.5957005620002747, -0.6708455085754395, -2.4414310188372457, 1729804696193754590, 
-0.6027207970619202, -0.6764017343521118, -2.451835523446323, 1729804696305141053, 
-0.6094672083854675, -0.6818079948425293, -2.458803134179173, 1729804696405722848, 
-0.615043580532074, -0.6861440539360046, -2.464440850675555, 1729804696503733345, 
-0.6172173023223877, -0.687760055065155, -2.465995112712073, 1729804696543736553, 
-0.6241413950920105, -0.6933842897415161, -2.4675993612348432, 1729804696643750254, 
-0.6346043348312378, -0.7014570832252502, -2.4759148265504303, 1729804696803910064, 
-0.6400730609893799, -0.7057965397834778, -2.474079535852028, 1729804696903761507, 
-0.6455416679382324, -0.7104724645614624, -2.47231249315532, 1729804696994726631, 
-0.6523784399032593, -0.7158183455467224, -2.470011205131694, 1729804697103566262, 
-0.6575421094894409, -0.7198807001113892, -2.4682376327421727, 1729804697203605322, 
-0.6617546677589417, -0.7234269380569458, -2.4654283387606033, 1729804697303782563, 
-0.6657856106758118, -0.726745069026947, -2.4624723862221343, 1729804697393729582, 
-0.6723886728286743, -0.7323397994041443, -2.455885266663324, 1729804697494473759, 
-0.6780857443809509, -0.7371572852134705, -2.450963449666606, 1729804697583806299, 
-0.6837624907493591, -0.7419193387031555, -2.4474639342731637, 1729804697703777524, 
-0.6882646679878235, -0.745202362537384, -2.4474639342731637, 1729804697795737270, 
-0.6932767033576965, -0.7497875094413757, -2.446830802112372, 1729804697894346223, 
-0.6989924311637878, -0.7543659210205078, -2.4460329716828393, 1729804698004099366, 
-0.703743040561676, -0.7589324116706848, -2.4447173828280904, 1729804698104784218, 
-0.7080361843109131, -0.762222409248352, -2.4438614497245545, 1729804698193807672, 
-0.7120513916015625, -0.7655563354492188, -2.445140852070636, 1729804698293647805, 
-0.7169904708862305, -0.7695178389549255, -2.452959105824039, 1729804698404056901, 
-0.7220923900604248, -0.7736677527427673, -2.455541421242287, 1729804698503776153, 
-0.7256742119789124, -0.7764819860458374, -2.4576505491156806, 1729804698593751864, 
-0.7303529381752014, -0.7801485657691956, -2.459759502769711, 1729804698693763166, 
-0.7348909378051758, -0.7837618589401245, -2.4619031086962027, 1729804698803605640, 
-0.7389335036277771, -0.7870134115219116, -2.4649448725373637, 1729804698903761778, 
-0.740584135055542, -0.7883166670799255, -2.46565056934554, 1729804698945797375, 
-0.7472726702690125, -0.7935492396354675, -2.466723482626442, 1729804699093782068, 
-0.750625729560852, -0.7964279651641846, -2.4657412923441706, 1729804699186247170, 
-0.7551025152206421, -0.7999394536018372, -2.4649964960343964, 1729804699299018025, 
-0.7571509480476379, -0.8015910387039185, -2.4649681455913046, 1729804699350771328, 
-0.7633540630340576, -0.8067036867141724, -2.4628253811110037, 1729804699505263510, 
-0.766481876373291, -0.8092309832572937, -2.4615014329531957, 1729804699584659240, 
-0.7698957920074463, -0.812116801738739, -2.45885777612259, 1729804699704789994, 
-0.7713235020637512, -0.8133712410926819, -2.45762633594911, 1729804699745012743, 
-0.7781484723091125, -0.8188585638999939, -2.4544038987674854, 1729804699904736725, 
-0.7811574935913086, -0.8215253353118896, -2.4535615050598847, 1729804700004272151, 
-0.7844529747962952, -0.8241036534309387, -2.45163799767165, 1729804700103855265, 
-0.7859742641448975, -0.8253312110900879, -2.45163799767165, 1729804700144886674, 
-0.7913347482681274, -0.8299561142921448, -2.450972118538292, 1729804700294220967, 
-0.7950387597084045, -0.8329710364341736, -2.4501144057851723, 1729804700403675796, 
-0.7978509068489075, -0.8352189064025879, -2.4496769887493635, 1729804700505836710, 
-0.8009305000305176, -0.8375694155693054, -2.450262154225981, 1729804700593940648, 
-0.8049764633178711, -0.8411467671394348, -2.451973844293134, 1729804700704605541, 
-0.8075411319732666, -0.8431176543235779, -2.451778047499599, 1729804700803872687, 
-0.80983966588974, -0.8450343012809753, -2.4536812757674586, 1729804700899861769, 
-0.8129476308822632, -0.8476194739341736, -2.4537368194644387, 1729804700993758210, 
-0.8168706297874451, -0.8509272336959839, -2.4527662806946546, 1729804701104843127, 
-0.8201240301132202, -0.8534522652626038, -2.4519747308884465, 1729804701203709118, 
-0.8226225972175598, -0.8556587100028992, -2.452327928692016, 1729804701300757731, 
-0.8248366713523865, -0.8574361205101013, -2.4525459945553534, 1729804701393761460, 
-0.828382670879364, -0.8600670099258423, -2.456367308377618, 1729804701505072243, 
-0.8311740159988403, -0.8624144792556763, -2.4574534590939603, 1729804701604064864, 
-0.8333516716957092, -0.8642117977142334, -2.4587794087790904, 1729804701701817681, 
-0.8357856869697571, -0.8661189079284668, -2.459647217641274, 1729804701793769510, 
-0.8382439017295837, -0.8681408762931824, -2.4610631573430903, 1729804701891523774, 
-0.8411317467689514, -0.8704597353935242, -2.461376418001745, 1729804702005398322, 
-0.8435602188110352, -0.8724974989891052, -2.461890629258678, 1729804702101763765, 
-0.8459716439247131, -0.8744614720344543, -2.4607791281432254, 1729804702193757351, 
-0.8482983112335205, -0.8763526082038879, -2.4598173595985178, 1729804702292248968, 
-0.8509589433670044, -0.8785355091094971, -2.4597063283942946, 1729804702405156144, 
-0.8533831238746643, -0.8804852366447449, -2.4582385052216997, 1729804702502814073, 
-0.855506956577301, -0.8822398781776428, -2.4580366211415376, 1729804702594761165, 
-0.857763946056366, -0.8840805888175964, -2.457733781162173, 1729804702692965377, 
-0.8599773645401001, -0.8858394026756287, -2.4572759191716993, 1729804702785659638, 
-0.8626213073730469, -0.8879932165145874, -2.457652561016672, 1729804702902793135, 
-0.864774763584137, -0.889682948589325, -2.4568571729799853, 1729804702995761754, 
-0.8672060966491699, -0.8915571570396423, -2.4569475786326596, 1729804703094054770, 
-0.8698509931564331, -0.8936236500740051, -2.4570437455466956, 1729804703203867431, 
-0.8720863461494446, -0.8954294919967651, -2.4570837504281693, 1729804703304845676, 
-0.8740139603614807, -0.8970589637756348, -2.4565614723004705, 1729804703394760629, 
-0.8764826059341431, -0.8990297317504883, -2.456636006804205, 1729804703495267616, 
-0.8791356086730957, -0.9011826515197754, -2.4568205702566424, 1729804703605077977, 
-0.8813468217849731, -0.9028695821762085, -2.4561095323953777, 1729804703704783986, 
-0.8833508491516113, -0.9044576287269592, -2.456146311675964, 1729804703794786334, 
-0.8856379985809326, -0.9064006805419922, -2.4560798738945415, 1729804703895390006, 
-0.8881326913833618, -0.9084619879722595, -2.4555842767588976, 1729804704005368088, 
-0.890354335308075, -0.9102697968482971, -2.4553823047602954, 1729804704104823967, 
-0.8925177454948425, -0.9120202660560608, -2.4546218480357394, 1729804704194832075, 
-0.8952470421791077, -0.9142705798149109, -2.4549002289593242, 1729804704305304637, 
-0.8972489833831787, -0.9158046245574951, -2.4549002289593242, 1729804704385042975, 
-0.8995965123176575, -0.9179288744926453, -2.4549002289593242, 1729804704504835422, 
-0.901823878288269, -0.9196714162826538, -2.4537434375911595, 1729804704594773339, 
-0.9045172929763794, -0.9219241142272949, -2.4537434375911595, 1729804704704987092, 
-0.9061704277992249, -0.9233487248420715, -2.4537434375911595, 1729804704784568489, 
-0.9088906645774841, -0.9255843162536621, -2.452348743951634, 1729804704904814735, 
-0.9110574126243591, -0.927441418170929, -2.4518004802500193, 1729804704994806245, 
-0.9134019017219543, -0.9294827580451965, -2.452572566561591, 1729804705094827732, 
-0.9153769612312317, -0.9310796856880188, -2.452572566561591, 1729804705184829208, 
-0.91806960105896, -0.933445930480957, -2.4535837455055414, 1729804705304806521, 
-0.920421302318573, -0.9353194236755371, -2.4535837455055414, 1729804705395851408, 
-0.9229350686073303, -0.937362551689148, -2.4550394258009973, 1729804705494891158, 
-0.9240669012069702, -0.9382592439651489, -2.4556813330237595, 1729804705545066807, 
-0.9282407760620117, -0.9416597485542297, -2.460853621012886, 1729804705704827353, 
-0.9292765855789185, -0.9424830675125122, -2.462213065598936, 1729804705745814237, 
-0.9328135848045349, -0.9453300833702087, -2.4638833872689716, 1729804705895195499, 
-0.9355019927024841, -0.9475547075271606, -2.4648422874720963, 1729804706001234373, 
-0.9379457235336304, -0.9494432210922241, -2.465404695349797, 1729804706101164432, 
-0.9389490485191345, -0.9503505825996399, -2.4656102625972487, 1729804706149290151, 
-0.9409188032150269, -0.9520161747932434, -2.465022059933623, 1729804706240636859, 
-0.9448739290237427, -0.9551047682762146, -2.4647055244264515, 1729804706400626602, 
-0.9475761651992798, -0.957245945930481, -2.463595878099794, 1729804706505935026, 
-0.9501437544822693, -0.9595350027084351, -2.4603752201877245, 1729804706595131195, 
-0.9530125260353088, -0.9619226455688477, -2.4535692660502866, 1729804706705449042, 
-0.9560914039611816, -0.9645959734916687, -2.448309273773009, 1729804706805278510, 
-0.9590943455696106, -0.9669795036315918, -2.4455982008963946, 1729804706904900829, 
-0.9607662558555603, -0.9683667421340942, -2.4438489909331733, 1729804706994975463, 
-0.9636251330375671, -0.971231997013092, -2.4351978029297405, 1729804707104868103, 
-0.966649055480957, -0.9737382531166077, -2.431372560571458, 1729804707204693194, 
-0.9672746658325195, -0.9741284251213074, -2.4425444441951383, 1729804707299811578, 
-0.967246413230896, -0.9740960001945496, -2.4643875440224705, 1729804707394798573, 
-0.9668329954147339, -0.9739810824394226, -2.493309564054481, 1729804707494507632, 
-0.9661861062049866, -0.9736334085464478, -2.5296658232563387, 1729804707605159435, 
-0.966271698474884, -0.9736571907997131, -2.555070823302029, 1729804707700853750, 
-0.9661744832992554, -0.9736267328262329, -2.578997024612123, 1729804707794836449, 
-0.9656023979187012, -0.973373293876648, -2.6144491949447755, 1729804707896441353, 
-0.965796947479248, -0.9735679030418396, -2.6308069164437367, 1729804708004930683, 
-0.9664182662963867, -0.9741056561470032, -2.611973806960761, 1729804708101854854, 
-0.967648983001709, -0.9747098088264465, -2.60197050751361, 1729804708194792269, 
-0.9692221283912659, -0.9757132530212402, -2.584924734557349, 1729804708295512171, 
-0.9703889489173889, -0.9766002297401428, -2.544356613273815, 1729804708404993443, 
-0.97114497423172, -0.9769908785820007, -2.511555512354094, 1729804708501813025, 
-0.9715928435325623, -0.977177083492279, -2.497978445644043, 1729804708544860507, 
-0.972430408000946, -0.9777935147285461, -2.463196920356061, 1729804708644891962, 
-0.9727756977081299, -0.9780738353729248, -2.43135210899553, 1729804708743199160, 
-0.97345370054245, -0.9784687757492065, -2.3952402710646084, 1729804708852942832, 
-0.9737992286682129, -0.9787495732307434, -2.3699339268402295, 1729804708945860578, 
-0.9745674133300781, -0.9793615341186523, -2.354613697093603, 1729804709045055355, 
-0.9755581617355347, -0.980156660079956, -2.3599716070886028, 1729804709143369351, 
-0.9759843945503235, -0.9807714223861694, -2.4159228701146627, 1729804709302867532, 
-0.9764672517776489, -0.9811612367630005, -2.4414403303717873, 1729804709395869362, 
-0.9769356846809387, -0.98186856508255, -2.464894857515072, 1729804709493742296, 
-0.9774255752563477, -0.9823588132858276, -2.4984645937664753, 1729804709606681962, 
-0.9781436920166016, -0.9826834797859192, -2.5267672107895254, 1729804709704870045, 
-0.9782482385635376, -0.9829277992248535, -2.553059342117558, 1729804709795823255, 
-0.9785004258155823, -0.9832258820533752, -2.5781779748345333, 1729804709894835941, 
-0.9796720147132874, -0.9839320182800293, -2.589871914286633, 1729804710004991204, 
-0.9807054400444031, -0.9846242070198059, -2.5780377919491366, 1729804710104881719, 
-0.98198401927948, -0.9854052066802979, -2.5648476720858655, 1729804710195834457, 
-0.9822165966033936, -0.9858382344245911, -2.530998237972187, 1729804710294829341, 
-0.9826403856277466, -0.9859185814857483, -2.500604036063832, 1729804710405474270, 
-0.9830949902534485, -0.9862123727798462, -2.4720554542957554, 1729804710504926194, 
-0.9834523797035217, -0.9863181114196777, -2.446082294794684, 1729804710595819046, 
-0.9834164977073669, -0.9863632917404175, -2.4179205833361577, 1729804710694934800, 
-0.983523428440094, -0.9864107966423035, -2.392920441553, 1729804710785066223, 
-0.9837945103645325, -0.9865430593490601, -2.36516593393434, 1729804710904868943, 
-0.9853892922401428, -0.9879697561264038, -2.3637333070272963, 1729804710995871117, 
