e, e_dot, e_int, stamp, 
0.29152489227260736, -7.438145936342846e-11, 0.05744510188252355, 1729804190793576184, 
0.2909081300962771, -0.004750382485392513, 0.04086708690971303, 1729804190836854256, 
0.285116583278528, -0.04344056034451436, 0.026944604349750958, 1729804190886751044, 
0.2815577597721686, -0.062346181302433266, 0.028598562264242514, 1729804190936897913, 
0.2767585277980407, -0.050270437806592266, 0.030997564568575376, 1729804190997006047, 
0.27057387475091954, -0.06822137764208701, 0.030297697929619075, 1729804191046554292, 
0.2646089107689755, -0.08138208209942463, 0.026939480134177393, 1729804191096543340, 
0.25819295758218147, -0.08423187453257201, 0.02594216843875508, 1729804191144649685, 
0.3391105649177878, 0.49348551454940753, 0.028226641564867976, 1729804191194789892, 
0.33555307056358674, 0.5097526049616734, 0.028671787074215922, 1729804191236856099, 
0.3371415011820761, -0.022896356873245944, 0.04792387171438337, 1729804191336884066, 
0.4076399229204636, 0.2190225378177857, 0.07561538414021848, 1729804191446833799, 
0.4080977242114377, 0.2152775627470173, 0.08012851179292824, 1729804191545392942, 
0.40921406269718164, 0.009027968279775736, 0.06055717902539476, 1729804191595142941, 
0.45311482464923103, 0.09872508282131241, 0.08898326942642172, 1729804191755519057, 
0.40680113232460907, -0.07478869005250238, 0.10718073256207303, 1729804191848499329, 
0.34842813290394037, -0.3645646208150371, 0.07692669701510743, 1729804191946507777, 
0.330720324888244, -0.31651781201941287, 0.05358650287944226, 1729804191996535214, 
0.3084961855851196, -0.1707492714153759, 0.0626932115331233, 1729804192136940273, 
0.26306033146158425, -0.19089547724232783, 0.07520399881719383, 1729804192246582634, 
0.21935558607645178, -0.28392025891602707, 0.05525070618771965, 1729804192346511119, 
0.1964119062497749, -0.2987229690424216, 0.03392680996773558, 1729804192396518194, 
0.1504375416805327, -0.2619317658558718, 0.03597425469493456, 1729804192537118333, 
0.12455788926879319, -0.18779911407873962, 0.039294813848429755, 1729804192646587364, 
0.10056034075424403, -0.15885286101878968, 0.02621344873063704, 1729804192746515584, 
0.08506564410980388, -0.18267250949740865, 0.015535763436932526, 1729804192796844338, 
0.06957804017076552, -0.14956605913261012, 0.013636714022352165, 1729804192906819255, 
0.04397793640960357, -0.10756278012187519, 0.016601009833463833, 1729804193047587582, 
0.027553756822304765, -0.11595997502545478, 0.011274535573126599, 1729804193146516446, 
0.027975295292701263, -0.052582730419269814, 0.004971671813779592, 1729804193197476707, 
0.027185372306649414, -0.00019695449117334424, 0.0038624464933880768, 1729804193286604944, 
0.04213406042176526, 0.028139503707054727, 0.00808785543902904, 1729804193446858835, 
0.04157803595716314, 0.029234038172640822, 0.00960796272724573, 1729804193546519697, 
0.042711358375217, 0.0056954848140886305, 0.006306958063725079, 1729804193596521524, 
0.042654693438263225, 0.007420937846249837, 0.008068444098489657, 1729804193737196811, 
0.045958534117461314, 0.009932595450803794, 0.010946860149004969, 1729804193846593361, 
0.06794045409108507, 0.08339290823653815, 0.010923496659898316, 1729804193946521112, 
0.06747476893911908, 0.07024737156131657, 0.009089746015625226, 1729804193996941672, 
0.06011240334964674, -0.01838705461673604, 0.013734698182448013, 1729804194157253965, 
0.05584765798689828, -0.031156816622395694, 0.015286899645811166, 1729804194246952528, 
0.0519527672175919, -0.02888611569580926, 0.010594119446377904, 1729804194346532882, 
0.04672480157748349, -0.047899091686272884, 0.0077040324216504155, 1729804194396520969, 
0.05314951259447609, -0.01959718132939631, 0.009630291667883588, 1729804194536820904, 
0.036066460551033686, -0.036449735692353734, 0.011347083949967461, 1729804194646933341, 
0.024758763978752096, -0.09154893013628117, 0.00777815411453144, 1729804194741554540, 
0.02098765441966921, -0.06449852983948907, 0.003970339445254599, 1729804194792521890, 
0.017116244010555004, -0.03386385131172722, 0.004007106425906539, 1729804194932786009, 
0.012044238621381265, -0.023550519616585025, 0.004314057445455148, 1729804195050600716, 
0.010888010895646394, -0.01854213416855858, 0.0028001385510090025, 1729804195142542105, 
0.007132078848151924, -0.029711118872940753, 0.0014130391367642896, 1729804195191602283, 
-0.0002731836864335868, -0.04248075083146909, 0.0011511276360102183, 1729804195337132807, 
0.022749636961540087, 0.0531424200811935, 0.0025167295237141243, 1729804195446602718, 
0.0237402364058501, 0.07340827265780832, 0.003225919840489343, 1729804195546532476, 
0.023829853264298206, 0.0038896294763324287, 0.003538639198641278, 1729804195597569141, 
0.024904116661505382, 0.0031610044287091166, 0.004591540821059925, 1729804195736594888, 
0.024966287074066784, 0.0027641243387040927, 0.006117251485643102, 1729804195846574439, 
0.025563550752660813, 0.002176621212590324, 0.005283262062356877, 1729804195946709634, 
0.02712040343001232, 0.013561447383014132, 0.003752466544789858, 1729804195991550159, 
0.024351590242728482, 0.0052462054797099795, 0.004897206924924863, 1729804196137421868, 
0.01799366125925861, -0.02573721807552624, 0.00590590637493389, 1729804196246607412, 
0.015345552290050524, -0.0282432098922596, 0.004021385015546306, 1729804196346539340, 
0.013288910413974397, -0.023739594164053496, 0.0022680166935652273, 1729804196392529004, 
0.026784852535903125, 0.016259768886353082, 0.0035160395695110415, 1729804196536872235, 
0.022646172695760303, 0.018610163117220368, 0.005314770729344339, 1729804196646743426, 
0.01819012879195747, -0.027292178126616634, 0.004748544002302612, 1729804196747540512, 
0.01737849411525061, -0.020737417676229386, 0.0028307411438653427, 1729804196792620833, 
0.015960781236524557, -0.009276501099613645, 0.0032527455424625888, 1729804196936912712, 
0.01375320121623047, -0.009984529424498909, 0.003986652015627905, 1729804197046588280, 
0.010990705455092176, -0.01583068071449333, 0.0028578772370365254, 1729804197147542793, 
0.008683381639280396, -0.02583970138365055, 0.0016374699028684023, 1729804197193546348, 
0.004842060119119473, -0.02465896751013324, 0.0016937185093990703, 1729804197354800299, 
0.004152898631839763, -0.010439730920776769, 0.0014918823700807624, 1729804197446717574, 
0.0034838410678403875, -0.004757708896276497, 0.0007930854762106776, 1729804197545464182, 
0.002659758664325329, -0.007790304050037243, 0.0005093466593813727, 1729804197595121422, 
5.659420671544346e-05, -0.011660103987548041, 0.0003952618985891285, 1729804197736713957, 
-0.0013819779682264777, -0.016071515010864745, 8.442981070910894e-05, 1729804197784940214, 
0.018688836378845552, 0.031622332990523014, 0.0012107152877449848, 1729804197945897346, 
0.019501253211663627, 0.04692014638968541, 0.0025953588085096744, 1729804197996471751, 
0.018317970084418267, 0.002589940187386394, 0.0036399143751692322, 1729804198139139570, 
0.018892507163802197, -0.0010043488265328042, 0.0047536255655418365, 1729804198247934307, 
0.020661704798905278, 0.007736323548661077, 0.0040024013167265175, 1729804198346617559, 
0.02209257247039864, 0.015613379075648507, 0.003044807303063173, 1729804198396107841, 
0.02358734696578013, 0.013180797770105552, 0.0042039538240841, 1729804198536722363, 
0.022162839133463175, -0.004356945184705075, 0.004539075370549668, 1729804198596825300, 
0.015775687880181133, -0.02211987204471146, 0.004303335376852366, 1729804198746552883, 
0.014398801859732746, -0.023397996766297346, 0.0034844727769770462, 1729804198796556898, 
0.01159836443876916, -0.015835492401255643, 0.002648808858022275, 1729804198936782321, 
0.006764104771106005, -0.02119273787965194, 0.0027419492857653446, 1729804199047641413, 
0.0043278354547346964, -0.02273302996361927, 0.001587771275720446, 1729804199146709596, 
0.0028535276938308485, -0.018051480777520307, 0.0006923408514409647, 1729804199196580306, 
-0.00039014015400318236, -0.017540150057684455, 0.0004313465794489728, 1729804199337255502, 
-0.0017382443483904275, -0.011757316511245564, 6.068191597464529e-05, 1729804199447628306, 
-0.0037309470549271584, -0.010785491064712183, -0.00040879320347090507, 1729804199546559174, 
-0.0052263661414095886, -0.016685351697089568, -0.0005309346532393695, 1729804199596550319, 
-0.004714684151108983, -0.008753351540494897, -0.0008660704911438261, 1729804199736598084, 
-0.004615104319420027, 0.0015195361462843418, -0.001213414246031383, 1729804199846633039, 
-0.004545994937541709, 0.0005320742474064516, -0.0009713692869536198, 1729804199946612018, 
-0.004464033337435502, 0.0007775227508369642, -0.0006808710112171753, 1729804199996548133, 
-0.0030533782771600126, 0.003902828185230755, -0.000764259465304597, 1729804200136672627, 
-0.0015897001712563696, 0.00779271193938712, -0.000759183097169966, 1729804200246632830, 
0.0009326515067340502, 0.01285059015099862, -0.00025959602484498817, 1729804200346564396, 
0.0011087613332301238, 0.009587726046520155, 2.2574919864884697e-05, 1729804200396561677, 
0.0022428360883719467, 0.0038660319199367243, 0.0002719465108515155, 1729804200536992064, 
0.002995803609634251, 0.0049810016493209265, 0.0005291104255180099, 1729804200646637459, 
0.003435681659504697, 0.003756312239032922, 0.0006059893709438316, 1729804200746572507, 
0.004276679754138035, 0.007074351122892376, 0.0005351610067722384, 1729804200796568191, 
0.0042928761582414765, 0.0056454984960168765, 0.0007632696066123705, 1729804200937306660, 
0.002733759500148869, -0.004714962854408908, 0.00094222051148953, 1729804201046641858, 
0.0027810302816189125, -0.004595638193684763, 0.0006841229132513699, 1729804201146568349, 
0.0028286126022798452, 0.0004747620357839725, 0.00041702647362466935, 1729804201196590208, 
0.0019690710866551164, -0.0017179343222211733, 0.0004820418966913137, 1729804201337382476, 
0.002180464399498705, -0.0014128695516839828, 0.000590940649169902, 1729804201450643565, 
0.0021916170168341242, 0.0007107316092801005, 0.0003281007675979608, 1729804201492606988, 
-0.00014286516269246263, -0.007619246881422157, 0.00020148057565123518, 1729804201593564071, 
-0.0009700162563233139, -0.009679831294024341, 8.657695197542044e-05, 1729804201733380405, 
-0.0020184790866715208, -0.004906410299356646, -0.00027025299115090453, 1729804201852479955, 
-0.00018684066818708267, 0.003895969023698617, -0.000220671388063167, 1729804201941866739, 
-0.0008097016829384795, 0.003108373114241727, -0.00014589541604453918, 1729804201997648491, 
-0.0016609349760887682, -0.005764705540444995, -0.00017246030148049791, 1729804202136555476, 
-0.0022471796828795743, -0.003817018062960856, -0.00039164451172983425, 1729804202246690304, 
-0.0027707598166899494, -0.0035215665538105186, -0.0004675697130562312, 1729804202346577261, 
-0.0027214472589047745, -0.0014316201267686685, -0.00039204302448280756, 1729804202398657005, 
-0.0013388202442734531, 0.003646052488228018, -0.0004336858989483382, 1729804202537040223, 
-0.0013216719782978004, 0.00338258022414117, -0.00044489286416227327, 1729804202646649127, 
-0.0016612227559298365, -0.0010804740463159627, -0.0003018564246704092, 1729804202746579556, 
-0.0023991009245345474, -0.006477772462246466, -0.0002618266867607509, 1729804202792595001, 
-0.0016316798640416685, -0.003579668115905187, -0.0003622185384662244, 1729804202937488716, 
-0.00011758018319008023, 0.006345273278709059, -0.0003527423004142604, 1729804203047690184, 
0.0005598972215057341, 0.006840354793378085, -8.32948644274671e-05, 1729804203147588265, 
0.0010164678611923605, 0.005565163240671849, 7.097091283189579e-05, 1729804203193642297, 
0.001287843991338855, 0.003935727413878583, 0.00018081091588730062, 1729804203336971349, 
0.0013010561663875375, 0.0006712278966206865, 0.00030423430291234914, 1729804203446793405, 
0.0020366467547594524, 0.0024488668788063424, 0.0003262793752474263, 1729804203548587001, 
0.00301758148755904, 0.009630812302367469, 0.00031155426867045374, 1729804203593862009, 
0.003221856298981418, 0.007643946128166996, 0.0005701344156385808, 1729804203755255171, 
0.00288624367035073, -0.0008001562436233925, 0.0007694056413319992, 1729804203846798399, 
0.0025593098578888807, -0.002337343795529678, 0.0005467864265303013, 1729804203944511167, 
0.0023251649897584326, -0.0027000238120127007, 0.0003806688996868316, 1729804203993761218, 
0.0023317852488473623, -0.0015693391658377917, 0.00046324209680563913, 1729804204137093789, 
0.003050220561971795, 0.002176995139864144, 0.0006528492591899221, 1729804204247881417, 
0.000540918467166529, -0.006391692837065334, 0.0004117982560428248, 1729804204345672307, 
-0.0003195652777887581, -0.014292781056096741, 0.00016114175553052387, 1729804204395646775, 
-0.0014270062137500261, -0.009091278323803484, -6.434520920054463e-05, 1729804204505781081, 
-0.0020031788208010326, -0.005440371370224545, -0.00025259598768644347, 1729804204597737021, 
-0.002054288642849844, -0.002254947550599208, -0.00035532204037777294, 1729804204700141777, 
-0.002063238458306138, -0.00019742524013748681, -0.00040489265161491975, 1729804204796190920, 
-0.003289817874248424, -0.002865120999460272, -0.0005933667149224405, 1729804204940457322, 
-0.003404571873744322, -0.003186764025227497, -0.0007377379439596217, 1729804205048909325, 
-0.002777914401518311, 0.001782864408794366, -0.0006512676624147325, 1729804205146722129, 
-0.002431581703314478, 0.004447183713468369, -0.0004242535179037922, 1729804205196663041, 
-0.002027595772846613, 0.003264286695250563, -0.0004614684546457787, 1729804205338015177, 
-0.00251241080930531, -0.0005210771228433426, -0.0005833080953183322, 1729804205447671020, 
-2.0915169433921577e-05, 0.006837376674901753, -0.0003186290083350649, 1729804205547597160, 
-0.0001806858859285665, 0.007224794819327283, -0.0001347513992471941, 1729804205596621805, 
0.0012775613072588676, 0.002380372340431127, 6.787132486011227e-05, 1729804205736836469, 
0.00024258720327963168, 0.00035397601726716924, 0.00011208946142525956, 1729804205847669037, 
0.0003748032737711515, -0.0026672444208764878, 0.00013249746440362426, 1729804205946600325, 
0.0003203145087757875, 8.937265833222406e-05, 4.686499111281474e-05, 1729804205997604225, 
-8.859171935893251e-05, -0.0013325255869668373, 3.853422021892276e-05, 1729804206137198335, 
-0.0002689250082907879, -0.0015153617851818672, -3.1141844235425688e-06, 1729804206248733151, 
-0.0002183898902328174, -0.0003685626708893998, -4.0390465038090506e-05, 1729804206347599451, 
1.1594141218207454e-05, 0.001703387371490164, -2.3607408685241362e-05, 1729804206397606676, 
0.0010108877454313436, 0.0036086924860076405, 5.641594600202225e-05, 1729804206558082628, 
0.0006227517301884422, 0.0006315760757325334, 0.00013713925978011521, 1729804206647673156, 
0.0007059235851225587, -0.0011666766140994089, 0.00014779820687145083, 1729804206747602897, 
0.0006421273982439857, -0.00014789243448621605, 9.849251582871594e-05, 1729804206797600668, 
0.0008217550743319091, -3.339359731695593e-07, 0.00013806082776277604, 1729804206938487461, 
-0.0005664861322112191, -0.003812935466399914, 7.480654074610476e-05, 1729804207047679270, 
-0.0008365384027664291, -0.005138749527863864, -4.0518356149232685e-05, 1729804207147607459, 
-0.0010132241641391815, -0.00207805414087486, -0.0001207775870116866, 1729804207197636003, 
-0.0011694799386519072, -0.0015495245633270005, -0.0001911512944746054, 1729804207337540491, 
-0.0010691269438920514, -6.85812114881832e-05, -0.0002710353635640495, 1729804207447681617, 
-0.0010786530085755697, 0.00024019192682738608, -0.00017706673354456938, 1729804207497672714, 
-0.0007158316615760718, 0.0011466738082359358, -0.00014310995067626147, 1729804207597607623, 
-0.0005332797577952686, 0.001643601464298609, -0.00018648097464567137, 1729804207738007568, 
-0.0005551079554060312, 0.0003670744910293977, -0.00015040395256321742, 1729804207847694649, 
-0.0004979502396293967, 0.0001243486993688424, -0.00011083444992015013, 1729804207947611927, 
-0.0009047552561340932, -0.0024637316597789943, -9.854497903469276e-05, 1729804207998697257, 
-0.0008055038239134227, -0.0024105608300396303, -0.00013746525445431634, 1729804208134367666, 
-0.0013975794566134514, -0.0014242090013591453, -0.0002631162302098006, 1729804208252683647, 
-0.0008327871291171629, 0.0004253167152393784, -0.00021073905303006188, 1729804208342616726, 
-0.0006098131912137816, 0.00357938919640532, -0.00013249377595580403, 1729804208392633002, 
-0.00042516719768892486, 0.0020457702232304204, -9.959654064621284e-05, 1729804208502588253, 
-0.0002575452429778302, 0.0009447859825771725, -0.00010989616420339634, 1729804208647706081, 
-0.00010883860479959928, 0.0008811520106762975, -6.465111659037955e-05, 1729804208747617744, 
-5.9186014613521465e-05, 0.0008205265245653253, -2.1410656819302093e-05, 1729804208798637752, 
-0.00030566017627498, -0.0002661178558507107, -3.0023556457721888e-05, 1729804208937766700, 
-0.0004147677180947884, -0.0009213726446396899, -6.472190277792997e-05, 1729804209047691426, 
-0.0005027436759892367, -0.0006272857091393264, -8.51543131508016e-05, 1729804209146619608, 
-0.0008699392379978299, -0.0029531102623458322, -8.639354791034195e-05, 1729804209192691595, 
-0.0015066643179661998, -0.004117951744897646, -0.00018362219333146326, 1729804209337936089, 
-0.0018755268088024302, -0.002580939879488552, -0.00036151264820455967, 1729804209447749143, 
-0.0014493653289282538, 0.00030269279856147933, -0.00033770150801890937, 1729804209547621008, 
-0.0018574620733999847, -0.001531789789577676, -0.00025206919577632885, 1729804209593668846, 
-0.002336745771858606, -0.004061224977353323, -0.0003580983226758872, 1729804209737978240, 
-0.0019192681821125213, 0.00016156131346034205, -0.0005176104940152176, 1729804209847670248, 
-0.0020703917007671713, 0.0007699639426376319, -0.00044434432295118706, 1729804209948687613, 
-0.002089665224708437, -0.0006383638106687965, -0.00029790287228869213, 1729804209994678115, 
-0.003573151186165191, -0.0035932316414662726, -0.0004876446996158402, 1729804210137863189, 
-0.003927570696014238, -0.0045277234022954435, -0.0008093202940534365, 1729804210247844213, 
-0.0041436410710755656, -0.001816258164666749, -0.0008036083643732248, 1729804210344901144, 
-0.004041722795006475, -6.598814778269382e-05, -0.0005947696520302192, 1729804210395150297, 
-0.005015009183232388, -0.0022864456419432783, -0.0007029630124953672, 1729804210504660950, 
-0.005517938773681008, -0.0050178919736352, -0.0009282829191146489, 1729804210586224854, 
-0.005358288239487807, -0.0015803265694010308, -0.0010254691525179312, 1729804210698252400, 
-0.005288048463182093, 0.0007151687436430477, -0.001128955430491473, 1729804210795752729, 
-0.004893241176028518, 0.001159204148968131, -0.001246747351917316, 1729804210938943755, 
-0.003424175783341532, 0.005402888017154825, -0.0011446885181211823, 1729804211048156116, 
-0.003064857720713743, 0.005704794800867382, -0.0007865464361200615, 1729804211146251993, 
-0.003035855554832878, 0.00141255580372181, -0.00047166371472354, 1729804211196713347, 
-0.001364609426603769, 0.004084680075247717, -0.00048165284117000334, 1729804211339808063, 
-9.848380799093448e-06, 0.008040087743200808, -0.00037045148319344277, 1729804211448703253, 
0.00034121088883076744, 0.0053298277119386865, -7.157865213350803e-05, 1729804211547634433, 
0.0004337975260630955, 0.0018000320296462638, 3.7986474464506155e-05, 1729804211597638663, 
0.00039535936474033306, 0.0005006667422555218, 6.240431898718916e-05, 1729804211707595225, 
0.000337937154140322, -0.0002521624800182494, 9.767555443149114e-05, 1729804211848712400, 
0.0008630648111285222, 0.0016338232166248497, 0.00012773095215070162, 1729804211947636655, 
0.0009607314807986711, 0.002420478688035975, 0.00010731665276179709, 1729804211997643786, 
0.0020908398769492464, 0.0033254674373868055, 0.00024904864677097465, 1729804212138496267, 
0.002157968596894655, 0.0028793364138723766, 0.0004342410865728393, 1729804212247708719, 
0.002687344752444476, 0.001970712906375971, 0.00048354771893765894, 1729804212347638584, 
0.002177850353322075, -0.001630452505338141, 0.0003510060985230792, 1729804212397643754, 
0.002513366517947979, -0.0025985165786051286, 0.00046779055074284433, 1729804212537834414, 
0.002223769038109724, -7.250796819977831e-05, 0.0005788147073681685, 1729804212648756937, 
-0.00037978769127722245, -0.009643673441153154, 0.0003047834924349604, 1729804212747675470, 
-0.0027765809257056517, -0.024763483633428906, -4.628264901729862e-05, 1729804212797639641, 
-0.005262145338189805, -0.021908726283230557, -0.0005330297893346178, 1729804212937624596, 
-0.008021826863074732, -0.014274092199087554, -0.0013388081422991696, 1729804213047719722, 
-0.00788715525451944, -0.007906215490300338, -0.0014821399988996045, 1729804213147647421, 
-0.006397527406543313, 0.01038350046463072, -0.001114659968930725, 1729804213197630218, 
-0.002429852140140465, 0.019353687976795497, -0.0010607626564956964, 1729804213338037881, 
0.01167819662504943, 0.05225908807890625, 0.000237740740097432, 1729804213447811903, 
0.031211547898352565, 0.1080566584898471, 0.0028269565251817274, 1729804213547649649, 
0.04543810461507425, 0.16007134218619604, 0.004411450101567885, 1729804213597644039, 
0.09032180218276764, 0.20158486881824444, 0.010584433942466656, 1729804213737821687, 
0.11677054109793317, 0.18695357504520072, 0.02105045891797852, 1729804213847718346, 
0.10554873925274255, 0.042841118430940815, 0.021880814882320007, 1729804213947782720, 
0.09701062402221017, -0.09446848142156328, 0.015957892577463793, 1729804213997637527, 
0.0823565598725382, -0.09188071799315571, 0.018067742970504164, 1729804214138025611, 
0.05553156061677056, -0.11616741775085354, 0.019596246967139776, 1729804214247910218, 
0.019307598161762307, -0.20243323660527288, 0.010984086524171724, 1729804214347651292, 
0.002386880499321009, -0.233850358110307, 0.0038548012818423886, 1729804214397657686, 
-0.034855867194861334, -0.20114767514144669, -0.0008357785352182515, 1729804214538158213, 
-0.041010021788507434, -0.10707991027835956, -0.0061249127531898834, 1729804214647725544, 
-0.0526814397486739, -0.059227125401082166, -0.00881053287309382, 1729804214743775855, 
-0.05932591611034277, -0.08402094843523585, -0.0074951292235687465, 1729804214794672172, 
-0.06798088721994677, -0.06431841381028783, -0.011374325583428636, 1729804214933360331, 
-0.028679897507374985, 0.08883818855147028, -0.013423846773524198, 1729804215052845081, 
-0.01079347467649261, 0.1760243112316547, -0.007496635880887106, 1729804215142657829, 
0.0032982543052002544, 0.15840766147330174, -0.001698502334332575, 1729804215193701761, 
0.05113844778640031, 0.2026558784727055, 0.002839509901175735, 1729804215337843433, 
0.07734909628474518, 0.1900456686671627, 0.011164871664859072, 1729804215447861279, 
0.10552838549778376, 0.1735335108741368, 0.01636682465306999, 1729804215547660235, 
0.11759304327993814, 0.18139836942255363, 0.014610516095408204, 1729804215593737645, 
0.1375487269180493, 0.15807123202916473, 0.016836076496039184, 1729804215687700182, 
0.10152838395294972, -0.004143441125067389, 0.030220499044058404, 1729804215847926273, 
0.07135414687724229, -0.1757821703459602, 0.02690025745680936, 1729804215947663605, 
0.062112016388537805, -0.1669624948180697, 0.011462429999011772, 1729804215994258562, 
0.027139188773078304, -0.14698972026782406, 0.010211407987153002, 1729804216138405841, 
-0.005183839423821279, -0.17931663025937072, 0.00710632645959187, 1729804216247852560, 
-0.032609060547026836, -0.18904761836012982, -0.0007469835223806186, 1729804216348750436, 
-0.04633736500247765, -0.19015336313254258, -0.004118624912800025, 1729804216394718551, 
-0.08313541750121978, -0.18513311768557558, -0.010226828940173103, 1729804216538040527, 
-0.10456820752502272, -0.15053973385527367, -0.01976148706242026, 1729804216648026577, 
